0,1
-2.3542716010853972,-3.17974359152254
-2.1580049004690998,-1.020061186669567
-3.3043993871403368,-3.3043780440339345
-0.9470233398403911,-2.0023348521012183
-3.610316701715438,-2.294671943338246
-3.602443000656201,-3.605448679641334
-2.6854490469641554,-5.4872643180551375
-5.242393182266943,-3.7309737880132645
-4.316680456434751,-2.591478467626144
-4.180431298177574,-4.835994811735879
-1.0946566004019798,-3.2935091906324963
-2.912213333905699,-4.852172642077494
-3.7076975418827374,-2.855800633377174
-4.496291650648994,-2.5115925761506266
-3.7808302968944467,-3.37920187473126
-3.782218595898216,-0.592038360138381
-3.017546392159314,-4.375024207642671
-1.9306916142658541,-4.587096744962329
-2.728477326493818,-5.547571161043708
-4.726641863567959,-2.7440803933701394
-2.0399934460059663,-2.7772212344530383
-3.150342767104713,-3.3914348042660754
-4.922078587477656,-3.9357974709131214
-3.5988304022477235,-1.6257411059154094
-2.5532962235610004,-5.291952201971554
-2.5786908397867663,-3.5006069645412117
-3.8799986003977462,-2.2048208245068714
-1.6597006207552638,-1.7893358451489418
-4.09098278018943,-3.401976088606579
-2.5693575391753667,-1.731791334740933
-3.622926509198877,-3.241356669662962
-4.4382354662078365,-4.555068611304872
-1.9437164308875425,-1.2368879628579301
-3.093613158054434,-1.6954072327403686
-2.5298731674380757,-3.8386556809866614
-2.530185712839062,-1.00055246359424
-3.046573850842937,-0.9659632474417919
-6.405668635316667,-1.931526744312209
-2.8868388112903776,-3.3887095556056277
-2.880710990503847,-5.58383958898116
-3.2855734541887656,-2.5357536570347294
-1.078737741836029,-3.673751283755742
-4.051041683761144,-3.6522841566598974
-1.8099772469873037,-2.57262355744241
-3.6886882648971504,-2.332752336952637
-2.8737991858475476,-1.740761512307244
-3.912669022040558,-3.425960790577099
-3.509740599071805,-4.902569432571754
-2.6150436398160513,-2.660628146166144
-2.993352506364801,-3.304963273387691
-4.839981964665538,-3.5468389195949666
-3.4455288714848002,-4.042960449988104
-3.209671425165812,-2.4747338861411
-0.5479583284263105,-2.7730488433186093
-2.665184492060406,-3.0967796904960174
-5.494402579888754,-3.034468038083982
-2.9217007270766655,0.20221474623087188
-3.2500692542154592,-2.607988454966304
-3.0451253006168164,-4.519281448905391
-1.5143303411304732,-2.0224870575071936
-1.971658468844039,-4.182203691233161
-1.176367395783071,-4.822406381629965
-2.2370857780596487,-0.15240768644702785
-4.287697222669895,-3.7361870484836035
-2.8704532253860666,-3.6545183503510588
-5.015862460385973,-2.9108681327521646
-4.380994827843937,-2.384329840174264
-4.195251504503944,-0.9850852734771989
-4.018229280037108,-3.418679971067378
-1.9424276174194293,-4.6001236113641415
-2.704302085014632,-1.3007144194328435
-5.089728204929596,-2.7599759839080047
-2.6621523674770495,-1.9836302666894965
-4.6080359241415065,-4.71659359700956
-2.321475964698033,-2.613919924796858
-2.6743592945503605,-2.5496173276539316
-3.884032138052038,-2.6980701936906955
-2.6190057847117143,-3.928656843434278
-0.5744931355118164,-2.384017202814676
-4.548694546363443,-2.146480308776021
-4.267086171295518,-1.9767900151348123
-1.4938257472903747,-4.066887013857224
-1.7476110319823817,-2.4633847949825523
-1.931321792007163,-0.5341691225498684
-3.3190045508037316,-3.9798570136647364
-4.15636875851318,-4.06055337045507
-3.1002322222383354,-2.556502432738363
-2.6403019608709752,-1.924661776253169
-2.983097540558721,-1.110405699695488
-3.3440538832093427,0.5362199165665045
-2.1866324479054917,-4.114304823341167
-4.392160247479446,-2.372785860183859
-3.290501620923606,-2.0717993576802805
-2.3847910880543917,-3.0946775864539346
-4.100831833488926,-4.969301392091624
-3.5804694376871273,-1.886681567379486
-2.7216781326307347,-4.6194604123255845
-2.774864796393463,-2.499087406352512
-4.149014667061473,-2.800157362270814
-2.9243286660202,-4.48586138717981
0.21467241620896996,0.3364707158209406
0.6498307459051662,0.6322812312209417
-0.8266016207742546,-0.5626950239490737
0.30902116032519583,0.3082715705473253
0.3090286117836287,2.3116388943928325
0.34253430641590016,0.6813393841083594
0.5724010580959213,0.3908347507834788
-0.18916154678420735,0.45538153229596046
-0.46369512872254304,-0.14209116404400532
-0.29121812869746205,0.04912448363179353
1.3887951400041052,-1.1203591155550487
0.4117561142247081,-0.967629522713791
-0.28315911947366007,0.6533703581804197
0.03856801145727766,-0.6466468667575836
-0.4291822255559809,0.40775864936080547
-0.438219979030282,0.1298751537491849
0.02734310394228827,-0.39096020856349023
1.2863664535951953,0.38035141339080675
-1.2150855519945643,0.11187258886165659
-0.3970718788610328,0.5114600008777344
-0.47551244305962037,-0.06884186488013941
0.3029923673882743,0.5194531165020728
-0.7201778442334658,-0.200700741504569
-0.28496718669657367,-0.3919975395442271
1.0592725441686581,0.2429890265765733
-0.7565303726010271,0.5507171682328657
1.2732937182075799,0.6194791563306881
-0.911621979572408,-0.2905404437197508
0.7601466895119736,-0.4246016793712684
0.26629165688773704,0.46478043205760206
-0.5561582829468498,-0.035715213637080044
-1.9447604040414435,-0.6146325848005739
-0.15154089083589617,-0.7486699091789096
0.9794467823589811,-0.8580848267763795
-0.26402669201819023,0.0784443463716548
0.8647639734396693,-0.8615172907076636
0.6978982512929758,0.006139836611752229
-0.5889051906287706,0.2772620845579624
0.11943581734408201,-0.3601301262952768
0.04188125099401135,-0.23118815811705612
0.06811040715074883,0.397278404712628
0.9516100896872112,-0.7426892992961094
1.27982002479376,-1.171252679713501
-0.09107105702134999,0.3529903238907459
0.16859512064101959,-0.37361971189235627
-0.12487335021436513,-0.2958005607952997
-0.3536188541665269,0.5097612582126148
0.2142092915790284,-0.4157457571563925
0.5397599252599504,0.1843797125259656
0.48771727130337605,0.37777730515416735
-0.49739700655324337,-0.3361086241181817
0.44837616307395706,0.3662221592600789
-0.01254095637848888,0.0703964299852692
0.766598937473055,-0.35494283330149795
0.32825842870202276,-0.12131559146033644
-0.13060872193633216,0.659266111192314
0.4952498093928179,0.4881057816003831
0.7832872842925974,0.01260230497965543
0.40917178277697835,-0.18616005395607363
0.19449981149306525,-0.07808583262061075
0.05819757899563091,0.3570942152621482
-0.49093240994008347,1.255432365411276
-0.6036104288998212,-0.7285131676726393
0.6948665241000407,0.4749976163777615
0.37447189023129307,0.37700730555856793
-0.007348063708148773,-0.5383526228914989
0.0454827349162358,-0.406297026907267
0.5850718400506507,-0.08823442890128319
-0.4952983180755069,-0.19283150499179605
0.2477588725653746,-0.3382347316823848
-0.49333223733985887,0.14621232689514738
0.14697994266523365,-0.30416590522267783
-0.2826229833709937,0.13922996241458177
-0.8688506048983945,-0.8444782646259331
-0.4310665327514616,-0.12806829102710834
0.18654453935880275,0.8852137301697311
0.5145957739212116,-0.09596311797805626
-0.011409724741613298,-0.6015176187826853
-0.011107881595433957,-0.17319518335208298
0.1936311362028537,-0.49633856613139377
0.3116079085447034,0.9196433478015466
-0.06525608907411455,0.24102703325936486
0.4140863950266675,-0.24073228313150175
0.13445548908625005,0.007555440469076915
0.05860565912929903,-0.46380587031327986
0.014706104555365628,0.29879897474726985
0.870686164677025,0.575562495651124
1.2919094745069337,-0.4604085377328297
0.5233923820324069,0.11000520344301104
1.3138817599306034,-0.48497897121309086
-0.5038331053084656,-0.35963558726641326
-1.274337434585884,-0.31545301300845663
-0.45547959693221873,0.09023627188572457
0.20505358546629565,1.1257025035295316
0.5702543029116302,-0.34614219339744184
-0.5390488028090148,0.2951515029039034
-0.7921399242123853,1.0988752595126121
0.7076640724327722,-0.28150539126282287
-1.0278807174545264,0.8123234244992477
-0.06872390715157073,0.7426897871840771
-0.9566565952766202,-0.3596250137722637
0.0031462198309098995,0.02818835625884523
-0.2700392828875462,0.3737099594084992
-0.6405722576295566,-0.0854276910127761
0.07217737902713932,0.3086633004352494
0.4269689268533339,-0.6747852551027215
-0.9204685024413733,0.7666060931391054
0.199388407187755,-0.44909192193393216
0.9306911853135137,0.0694047805757152
0.7075783104382959,0.04051108884606537
1.2364487549291923,1.0532045054659227
-0.14937848908744408,0.5829425705726132
0.3872255697510885,0.8211789345194092
-0.5789540763480626,0.41163087599906356
0.6350546921097526,-1.0552436918538686
-0.709955107599465,-1.2235393066560603
-0.16164410066673465,0.43052535347757737
0.9014142312576168,0.04445686825186511
0.9771693273427751,-0.8280608749289348
-1.0220294636130927,-0.033328619337971266
0.23043926936358436,-0.019616848856455867
-1.2404652600239259,-0.053472023707673046
-0.782681700302912,0.40180352929802304
0.21995894765810894,-0.5639278717964131
-0.3083201504020161,-0.6355281131333709
-0.037607458363903126,0.573085392300743
-0.5914356278013262,0.3024279093107066
-0.31815457102346445,-0.4757236993574065
-0.0642182159727347,-0.6211453934516245
-0.3321895832083092,-0.718726735553309
1.1788350797498335,0.021158131183037165
-0.41983530479555137,0.1283879464405332
-0.06739682981449789,-0.13258175971993377
0.36850002002605514,0.45450462602838304
-0.3183006885663165,-0.345490944386808
-0.1650310182909864,-1.381152698841351
-0.9091146373191313,0.8201245604667148
0.9869806281007701,-0.14942162373382697
0.34593417783345987,0.18675009272612167
1.8473284850731426,0.671744946860746
-0.07675055488845992,-0.5733242643602554
-0.9638677921545434,0.12207818152033385
-0.453810447170582,-0.8533522257586045
-0.38794373054551595,-0.6489288021686369
1.0122849810435388,0.5289838541696703
-0.004783584789970423,0.8879664833340155
0.04642098458857098,-0.5167705207969582
0.9138744463617943,0.32334602621079517
-0.6223476925958739,-0.11420320685016491
-0.5253709520308543,-0.8296798385786016
6.11141305703797,4.791299968564156
3.3217189114170305,3.175563084028685
4.219228917053807,1.9154495394823647
4.289127290913357,1.4632110763842208
5.058225953533793,1.5028598603067547
5.324548190935807,2.4397142686610356
4.7132623437603085,1.4109236055500827
4.307874403318001,3.406469470990907
5.6011006251492566,1.3269337062417388
5.119198766515071,3.401664548046147
2.996713662654354,3.152032230855922
4.204851489264984,3.184718402311791
4.08408901214898,0.3341414792025774
3.046949074540205,2.5577019359936584
5.311667002065779,1.4148200498747097
5.766310950532849,0.5061759252772482
4.92070424162322,1.046780560285052
4.217796670637409,2.5568784055796967
3.967503961659257,2.0385333469242095
6.2075513710573285,1.8077297565722215
6.00283053447817,1.1443517744108582
5.6357650134983395,4.22988234478948
2.034026599847253,1.543725693435428
5.692486552616648,2.256345536748409
5.4453750480455705,1.7752177759410155
5.10390774496748,2.3131873175295046
6.4013384739917685,2.8053050119614555
5.405123194490242,2.005747640653039
4.414872531113008,1.980930174616455
5.473342570853956,1.9948186230156844
5.347729828275695,4.990480958374526
6.045349644118031,2.108771761398591
6.441456706596734,2.0103095523741383
2.5542505577865753,1.290296426899115
2.755049694768973,2.0781838191504294
5.022102055027462,4.5117247747303395
5.392312848516995,2.237079365429363
5.995286697420187,-0.15336237080946225
5.282737469730279,3.42503823266436
3.22569650506419,3.8725048518483147
5.4061956889932965,2.0016545033190383
5.759338239327541,5.224831429365275
5.218239506070194,2.7978647035604034
4.448766920551707,1.48018675664225
5.9964029798530945,1.4726994089093595
5.085879484663271,1.92681106388186
5.5747757908956705,2.900394526344338
6.245047933109479,1.8879803213743036
4.6761500776479545,1.3254835410612311
4.466848087908666,2.9527605916538224
5.908386339974422,1.3934016109868494
6.043527104126792,4.126765430565941
5.496121883868441,4.752154975069679
4.071452961075712,1.0064143560262997
2.8655357013148657,4.295253173787019
5.785238787624869,2.433298394907454
5.335962351583785,1.1494131432419483
7.934902375540192,2.655065418370273
5.131273753525871,3.3709199486784303
5.577211078084056,2.7686608291349577
4.0514306534656255,3.065762028563195
7.25842939577004,4.114504055385973
6.911823951967277,1.8865411882825778
3.812474215689703,2.349055695880422
5.066869894746434,3.813029822165138
2.9690424443422168,4.3354603833527365
4.810390521705212,1.9877427160630958
3.7854747496877987,0.5141719937610769
5.987804700754298,2.5879815606260848
3.4520469203107353,0.9459054735236607
4.597058360851846,4.5028258303472715
4.688490378363674,0.6962284562582726
4.705108323096867,2.1727317163027955
1.763736028470114,2.4348461601786253
4.722878563749586,3.335447637776102
7.218747313934414,3.851878035457309
4.677333571334203,1.1721689095099956
8.088031763899831,2.571062120817386
5.016715150295536,2.471049895467996
5.237701712921426,2.326767505691269
4.311605591743716,1.8437692705115296
4.960696075740802,1.847890274639482
4.144585060787403,2.627716273230276
4.694027339094974,4.304791586299226
1.8188362299283858,3.809808222306954
6.495302230997154,0.011931721110220561
4.588774887103582,2.0542709608050504
3.3109859663386145,1.5666199748909497
3.6673089854410055,4.602724532108347
6.122814071776953,4.025866113992991
5.866006476851882,1.145137874539325
4.370575680464271,3.0872494734735016
3.5334466293296654,3.3555981162068655
4.711609522210238,2.050215030940483
5.85315196184419,3.033115973783248
4.566840601017104,3.8911957640370973
3.702724006880123,3.2391227283331165
5.711721509562061,2.128544272823212
5.391359626690542,0.9986637083376364
6.108832423048281,2.2781174362684133
4.3727323753771525,3.758811071004267
4.154787571348689,0.8098464443637285
3.1320449917713153,3.2272119416147675
3.46348477700446,4.605753018381238
2.5016847105395335,4.535747641948046
5.253220960643142,2.383944265755529
4.34609709582926,2.978963337222485
4.954838357090182,3.823962258419826
5.137073178394448,2.6803621137542533
4.563665345343373,2.431665251534719
5.369362122670471,0.4477979288120495
3.3821774934731446,3.391916912827258
5.2050385257535305,2.279219996376785
5.022120719678472,2.9170980464340053
4.352288383628766,1.5660343295172248
5.235014306117218,1.3259526668619617
5.489903306857366,0.4568996749145917
6.234986764790772,3.0671169788956516
5.307235681176651,3.679229180734617
6.998569333355092,3.717244078021756
2.790950922402026,0.9645076399171582
4.250217706765185,2.5313092602530007
5.621190824562948,1.6291074242158414
5.224120117372494,1.593540481176013
4.266178636409662,0.8120066837821334
3.892120104666915,0.8779784732603997
3.8289520964272006,3.7643701559294076
3.8607213334016683,5.658858477804869
5.591981481057067,2.721803348433849
3.9699706637825436,3.3403718552907895
4.3092346085146715,2.646411777574434
8.072101445922554,2.3847281203304203
6.379127991542811,1.6561882898489353
4.958013811403646,4.624960762762612
4.247639530654679,4.674938269596314
5.849302322546571,1.8250398689268787
5.7588892868666255,3.667065339552076
5.746171954660635,0.6157303361314523
4.127435389010158,2.2029776373381944
4.9106798850799445,3.2448065170608134
5.213241201119905,0.8975867695478785
5.456237421207156,3.232702894340588
5.671748537517248,3.7969368706655464
6.000706585458685,3.051016095074124
4.915801146249623,0.5068468797808103
5.515541862959103,2.749225224595733
5.325894604634448,0.9679017090156288
3.7027321515100855,3.7637834239994845
4.952533815372014,3.3178008368471494
5.033982051356554,2.5357073673948944
6.125940567171197,1.8807463261391515
5.11534493232918,1.945269653553949
4.478604527081221,2.1289934518376326
5.266560525960456,1.9255016540038272
6.506907350688225,1.4264712373365953
4.775754027006369,1.97232273007099
6.736373461224479,2.7358657318138895
6.238213447362362,0.7173275523556337
5.320460319043111,3.5675569547481247
5.098740787130509,3.7785764500784214
4.379253859879554,4.191216928222696
7.7586777483431,2.0645937274724093
4.465396974319074,4.244061372541241
6.895486574876855,1.872567967416078
4.4957758194849715,2.1618584693673912
3.3866593867588675,1.3976176642189622
3.7950310798975186,1.578642921875046
4.958378135135862,2.781057679043825
6.860600591376892,1.301975151113451
6.1811868781719,2.2432133869293893
4.94064354841708,3.3097833905999243
3.652733574125242,2.958891695420861
5.199742649855668,3.090941516809779
5.347002372689381,5.446360167893073
4.234712018898421,1.862803653997819
4.252231368290283,1.8334274570076943
4.235135447232179,3.926819837329062
6.704605097587826,1.8151044475006284
4.001173312274926,3.065698667663685
4.337332346862834,3.2595181813066127
5.24350762502156,0.6811070620033217
6.857006241596074,4.6550532077146265
4.264653571418736,2.034758128076819
5.343038468869886,2.90134814798443
5.7902531272073965,4.91224544651962
4.787663327007141,1.5420433065538557
3.3448169263825673,1.6228839520696972
4.960247632551443,4.653469436221345
4.378866441156594,2.7685455419666782
4.980292524712698,3.926071928137701
8.032318911048346,1.8629574724956153
4.412672668978134,3.7529930524828865
5.818269787551573,4.7160487908832405
5.700713822391156,2.0688494910555284
5.708785796830771,3.830444296699489
5.984578617436837,3.108728837328757
6.280009627506985,3.9031547085348075
6.658590789245032,3.278451865107571
4.799458303619775,2.6760564237199875
6.447810759810028,1.5196771948153167
5.442407970647482,2.027993425207167
5.034493787521781,4.034142235128758
5.229318881623884,2.5557238577873784
3.368172630824097,3.395504279232665
5.77458101736929,5.0959056679665515
4.630666118056399,2.7629803931967265
5.299260420452907,4.392943935716169
4.885645361135658,2.834825830924407
5.729475811659847,2.72393094778763
4.464279662539366,2.732907991477969
6.2883580998317266,1.2681816407067277
5.159563608976251,1.6598550220729922
6.434055954709811,0.6721757142594704
4.329293783274094,2.952654250077425
6.878628835081209,2.421099686712415
4.333760567968162,4.7573884833287075
3.262383319500507,-0.1385671479440984
5.5280173400639985,1.8975349307768665
3.774520619443144,3.350027736759224
5.292560856525439,1.8231056431159258
3.463634721594927,3.5469487939361732
5.780241413550393,2.3809889634647403
7.215964395257199,1.215898280408617
3.1693697948903132,1.6697103161425066
4.945296780373402,2.79200733918723
4.7105167305724045,2.9224664758171564
3.498152690971467,4.232517524887911
4.901418585928917,3.840754997905753
5.411270415653245,3.048103862984541
5.683720736278644,3.0372502720207777
5.7712673118410525,4.094983036158918
5.235825403641764,3.3508045091062146
4.892317166855328,4.228140658539367
4.188329237528876,4.661128519492978
4.951810459226788,0.7830698774583422
5.153725297892947,1.682738011030143
6.008772258786469,1.7168512248371308
4.4645798801422645,0.23255112286536272
4.457232416901108,-0.4086551919547481
3.099316611817132,3.412497587373157
5.942960190380998,3.0105490741419576
3.8396286282449443,2.442746372629624
4.995676953091318,1.1099623729689487
6.804077962120581,3.5528347486908056
4.7348429914044035,2.532263006793437
5.2500593695370625,0.04991815789085141
4.703387140975284,1.6816189024026418
3.7980559881261016,2.1626796485368542
7.157223832219427,3.269011433520412
4.314585212260644,3.1870993376273904
6.6792265239032025,3.6095604194953226
5.071556443904209,1.7236758667533114
5.837867976336308,2.9721824625060993
6.074231864033279,3.2622061620183636
6.259463258383202,1.8577177461273184
6.580872878761191,2.7371195256308796
7.490313047150318,1.6729746182925185
7.083156563798299,2.7374929401551773
4.218298395662662,1.9193369991348141
4.615583230166816,3.0089991356823
5.627402585642599,1.8115599952737051
4.97077448928682,5.070724430334236
7.073051804120853,3.0235884036088385
5.0456041738018405,2.6440375920619137
5.7362215672765,1.2726489217619135
4.691148155091986,0.49769911134689293
5.479067747126335,3.2766351276432895
4.420176245240751,4.38878411594804
3.5290812043971904,0.7427501437482158
5.269342182271966,3.756517963134585
7.020713229749442,1.949338884557272
6.294417000117555,2.4537898365991513
4.7928472400710165,3.560391924984007
5.782787454096104,0.6083294116189009
6.771848419671075,4.156109624976942
4.249324758188565,2.9749642401248906
5.592836223539287,2.8128085189886884
4.339633815385496,1.694051958474338
4.969335114810265,3.9072748231112375
5.652320185513319,2.055262801496673
5.926038452778013,-0.9182511447560904
6.3785188404465245,0.41234346546628053
4.565070870316242,1.1563961264486273
3.446382229134913,3.8929921448542233
4.4387585584257305,2.915804658076859
4.9436953053449795,3.072448992667746
5.0921862692723066,0.9604093309737165
6.195520183336568,1.907492100206425
3.132101721608299,1.986261806840905
6.800911748761173,3.5202660905361913
4.581617438710569,2.0808907548178857
4.614037938539141,4.992097580273009
5.458322542677864,3.0160499766292834
6.236340144838211,2.786546990831816
4.689149425015156,2.264380181098026
4.914078488703123,2.4553333161881903
5.873155452364376,2.562335062968759
5.879168092658695,2.4031401038697013
5.094362228379309,0.10215917856147083
6.099593209642977,2.9157861710775914
0.6966171867614088,-0.9236341429292718
2.550236998127237,3.7626976321362045
0.883910788453778,2.2321599238865977
0.0417156386063684,2.2091935426047846
-2.0604072331828687,7.253853301573536
-1.3241600812976893,4.369635884405529
0.47911514217088214,4.842659209553428
-0.7442878612559201,4.620433704192584
3.085806494905068,3.9020480450429047
-0.6581316205845553,5.78611247321294
0.8793940860285725,6.017951519452646
0.08584137744961384,2.056891648358178
1.7768336049118632,2.051212831868231
-0.4855197090936435,2.717731054967092
-1.1090351892080874,4.558896097515917
-0.4536927337345358,4.717265282199984
1.7433091573997,4.771008312573766
-1.4150662799941027,5.638948186090207
1.022099831171889,1.9130667142671127
0.01558011874475862,5.191993661928527
-1.5058579557119862,6.338701582629753
-1.2550944979552954,4.213479970901622
-1.2942221012825783,4.026484380888495
-2.863667647721843,1.5519134995896997
1.7106586074824528,2.5601657078588427
-2.6853669940757223,0.33923680687368485
-2.0862349710721535,1.750747351207253
1.7914257722318272,5.716689051882478
-2.1698555868021305,7.829140869085325
0.6690013278857103,3.4477866480353416
-5.248989715285074,7.894602373404261
-3.362273193498113,1.202822130173284
0.7383697344163884,8.147579090776762
1.3532637914678807,4.958645504089011
0.011082380830986116,5.450806449926523
0.2901786026375006,4.478025420747938
-0.8228581232818106,3.893591682570812
-2.28173980107335,3.522852369326484
-3.8780265841321553,3.832822634448925
-2.6806048821565596,2.1238981607331895
-0.6941799430390867,6.366403886785818
0.561138230203932,1.3301489738405992
-2.682367832169574,5.599311019579967
-2.6702285690151264,3.618123645005058
-0.06491143165826185,2.35381442673182
-0.8208616395518682,1.7321566586390524
-2.022324994717063,4.543629288042313
-3.708089347003838,4.748807054532678
-1.033384258175358,4.939232922509151
-0.6193459720900756,6.319038730955535
-0.7871183454985576,3.27001058008707
-0.7920942448451176,4.92360664936186
-0.9169378804463026,4.0690058750466
-2.1933858692714843,2.8730684401633884
-3.384428962059479,6.974280463417797
-3.1145675001651845,2.822061163746958
-2.2212923514676355,5.5213714408055505
-1.501414453096447,6.121161523545347
-2.1449340612145766,4.474290075780464
-2.4200899905415874,7.64675351721476
-3.0189173123501716,4.526695207385947
0.07742069758456749,4.703458465667547
-1.3149890200921042,3.7793048104531755
-0.9255204976355137,3.750096597231569
0.6385944985513463,7.757889102705297
-1.947736034513317,1.671334934715568
-1.1500794821971332,8.385505874012342
-2.366246765548542,6.786498569254915
1.8520913839299489,3.0588999890964095
-0.03272876538503189,6.768274259318515
-1.644517159678728,3.653913387825985
-1.9888575537126942,2.2749135578221265
-2.103771826612212,1.919301546504164
-0.9420581039593157,2.691045507200309
-0.6025639499557289,1.3549774014538336
-0.437503605235423,5.416999234735172
-4.389350592371474,4.635896168740873
1.0870372872045966,1.9436102682249508
1.8433730576240959,4.712332315922277
-2.198520154789295,3.9051925679818997
-0.050844248713071916,4.129209165401099
-0.08411481284117239,2.4348548917650774
-0.7120865991386673,1.5966853552615339
-1.1890843042927906,2.463357009509857
-2.2504009024026033,6.1013583978577435
0.8552272050102572,5.035534805542201
-2.8569316999433845,3.462105635518837
1.0622660899646115,4.240918753187838
2.94286021796888,4.668640326970432
-0.6735165019669462,3.4745020108557476
-0.77298046187012,3.7408012781530755
0.20378475037060384,5.626393938550793
-2.3361820828635143,1.7369039789517773
-4.121549134275604,4.863585255751325
-2.875723230495585,0.34008599198077905
-0.3394163722973611,8.238099179635743
-1.0103205496178187,5.425434316567792
-0.8608900904691394,3.8318875895750573
0.5624300210792066,3.506533274879293
-0.545433066077765,4.546886270533223
-2.135753771193183,5.686471994212089
-1.2974315863821948,2.7152332288621643
-0.08793326593031403,2.4726044309552364
-0.952092032472482,3.984497705704854
0.8460224619136827,4.80698699589592
-1.0425458298667447,5.390202708640488
1.3633528333294325,4.9482775207981655
-0.982400546266253,1.7698784050047287
-2.8106932272281333,3.481118002597065
-2.036170743670781,3.682148784924742
-0.9036951276749179,4.900477682406442
-1.119847922700455,4.827052794504543
-0.8903934948227956,0.6417068371984187
-2.5968701694918823,3.7550511552732537
-3.056481062829883,5.019878840993547
1.6022764149842854,6.071895147885439
-1.3628528805813536,6.534234432644919
-0.7472653227564103,3.426953849099333
-2.0427845280195975,3.4858015329701817
-1.6599005915200888,4.289707578038329
-0.7270242322152303,4.005178234260804
-0.2572051114312053,6.02409866713678
0.6142420302502503,1.4756734536351641
-5.341665929333323,5.588343849106765
-3.323693787306216,3.617898816782438
-2.989192144300911,0.9366332561139665
-0.07951336205186044,5.290563772514499
-1.980067681235423,-0.4047718966463467
-1.9286155620292207,4.666066809184329
-3.514149666916019,4.311711863624565
-1.0260267435940924,4.98479554932185
-0.7967133736959395,2.3457828005013557
1.0341715528296351,3.730499725854151
-1.0464177171668843,2.413444469575567
-1.7535798270255676,2.4958353861542686
-1.2940083018698192,6.909904416241984
-3.332231942983306,1.25694562360954
1.5009895567391345,3.6441497488418277
-2.137423655721858,5.76783796857333
-2.0295464175526687,7.104216513029792
0.1524739812767575,3.1705506061523057
2.667423962551356,2.9702846308943247
0.26156213241582194,4.508797386691036
1.2129601919779565,6.654569034435649
-0.9455929465881967,2.7191896204114885
-0.21804735700350208,2.84788387142142
2.422758320795259,4.232110062840654
-1.6210466372305847,4.313956519970344
-3.290114692200484,2.3482561345318924
1.0407036435055232,2.8832797257486273
-2.7797486705592975,4.912309679296387
1.015697062927095,5.222220628130613
0.6932810658698878,2.713448349431917
-3.417078133461134,6.552267208324327
-1.5485557260316307,3.5735838720264197
1.2579300411433985,4.945591015981122
-0.224990787461267,7.680503986331843
-2.093980991646243,5.577328217738103
-0.9030776876749563,4.456606874067536
1.5983963249013038,4.863320785692361
-0.08489666561562403,5.823262473426664
-1.620419640222905,2.573343565523689
-2.776175629835757,0.6571937980607969
2.4955521208985476,2.1245457782731387
-1.3761311600958124,3.529417390188835
-0.4774086137245288,5.386753261316804
0.4628049302115671,3.0087683544328048
-1.2841069134368994,4.48038591583011
-1.42277491451203,6.7324874792339875
-0.16534258221497278,5.24929223628469
0.12689815673460147,5.994905557725052
-0.6922633502036981,1.795385688475061
-0.32053048202050927,2.8926932805538907
-1.8986483589745866,4.996818831883658
1.1050812214371808,4.036161680451305
-0.4749838785817616,6.893765405879904
-0.5907195948694339,8.42286129410667
-0.038633602426374924,1.0067033094351099
0.28068075587770513,4.6479692543007225
1.1925796819406673,5.144408297158929
-1.2353751727724154,1.9186929983080785
-1.355339537386243,2.55411522784419
-1.9868898646680284,5.0005832875150364
1.8388376573973906,4.670941600699068
-3.033001205459813,4.755824535974239
1.0342735272976067,2.9633690626570504
-1.22782918334396,4.024969931039635
-2.334327132239808,5.10207673753456
-1.2056118526332287,4.713205154641948
-2.50873670226357,3.256320889450202
0.22804830830721134,3.366183641443996
1.9358385470967887,3.320618484455176
-0.618035966221794,5.585404414184253
-3.411221745986154,1.006625019632681
-3.593615734769161,6.14639297582621
-1.9381588480171594,8.34893878563603
-1.9592209177175606,4.313737215434963
1.6215869193653885,7.410357909870509
2.5045560802818763,6.054222592008342
0.7409062938794859,5.007295813642012
0.32321382948328403,3.0629842822414934
-2.3909381018179223,3.9942634224013815
-1.2893138582923784,3.2295123161436323
0.1838586606764161,5.624018854569869
-0.8497082933038596,6.511801137793945
-2.9408714940269585,3.670778919224479
-2.2185979450247686,0.8268877509757981
-1.1405571659325888,3.793029235748418
1.5728645635116227,5.072379863743122
-2.7411176013596483,7.15195736276812
1.0757572823930999,4.989566095896647
-1.3850229680447144,2.3689532975700844
-1.6327515193207902,5.850872653497117
2.2037967200888353,6.623513998062721
-1.831044017036666,2.0966503634086813
-0.7604933802509533,0.9936530785431521
-0.4506148858858715,3.749075603292263
-1.7922620531760118,1.2890047856464477
-0.12687981883148192,3.0944085725747508
-2.9888586207074894,-0.8828457625788033
-1.0467753385860816,7.012827714338565
1.8241406647313787,3.222936363803338
-2.023760502615027,4.79691623532754
-2.697255246620095,4.513046229693092
0.3023364732539735,6.085786480603323
-1.1702619300159198,3.653754624699158
-2.492570397486154,2.594303398132238
-1.3850141162325955,4.624521361587503
0.553093864596524,2.6345957838434138
1.537570567231187,3.539089878227633
-1.0363244003923415,2.7297401454487003
-5.121208442464001,5.5028771738137845
0.25263462505713674,3.5217431528990373
-0.8861157807177178,4.877096670096969
-3.6563279567071225,3.100610448511299
0.3502499553571061,1.867707980612276
-0.5009515153167302,1.6938109321402113
-0.20706902986300524,3.939409480094278
-3.745724087039366,5.980056902577191
-2.248805680556684,2.6225708570755524
-0.6590323647073972,5.952683494028816
-2.7268970922632745,4.104855744741552
-0.271011949438026,5.178279532347345
-0.7000493560287172,3.376052673558352
-2.4069033751028233,4.146444601178837
-2.8226363203755316,-0.9662958219408324
-0.25784833293196474,5.536689229846532
-5.016985140421125,2.283457801993106
0.05256224370883622,7.497742298509888
-0.9646506969518066,2.7623949999104713
-1.3109239498782284,6.337289912551914
-2.09813910451171,2.641373588694569
-1.8206639877094553,2.379341365960189
-0.7914604628088476,6.761953379398253
-0.4507652357027506,3.570999046385311
-1.496079157156425,1.3425756252156833
0.5012866211501703,3.8676767650782367
-1.3068158531040637,9.428282865336264
-0.4921200557783334,2.7219552148381867
-1.7248079135494236,5.952357705634483
-0.8074403020858004,1.5549274368604769
0.5626891887778458,2.8641550545837102
2.1846062195698273,5.836081711714902
-1.7604472226198769,6.177727814949692
-0.8846456321034144,5.449715247707773
-0.17595421059939298,2.561193686515515
-2.0940347149396854,5.750933389887974
-1.5691180645811196,3.3137976124886057
-2.6237083848939,4.720118411508884
2.506292362713346,2.1851940457677363
-0.9588269236563113,6.40077494420623
-1.1353903651177157,4.769032053624548
-2.8060689978496955,4.728122065253003
-1.318145250507733,5.675740992655767
1.0185562876600769,8.402258191431644
-0.014623605536921436,4.553853738189683
-0.6695466873185287,3.39961730222183
-0.42457746611512504,3.49781760276365
-0.7136163403416558,6.239915810533532
-2.7111223609753896,5.937793553919377
1.2390956144777707,3.799283504115166
-4.607153328314611,2.966702621939465
1.2048907291538855,3.9611242940919005
-2.698813794901348,3.1418826339120303
0.42905404505774003,4.929447065942345
-1.4061845685884804,3.376398499915031
-1.6659888533744973,2.4319026863525455
1.7461386720980507,3.452055202340722
1.0691694854033438,6.586237288268167
0.6971285268515326,3.2662454683793176
-0.313658846427764,3.9588674691354426
-2.5362931632412176,4.551410778926725
-3.0043676449716643,6.019054960384658
-1.7898494054072682,4.341971414983827
-0.5184106183715583,3.5598615447030686
-0.0026205374920329483,3.1926637837417084
0.48120540567731496,1.7118345435805278
-0.7851547147710999,7.296179298399084
-2.700563251829477,2.8478335501077527
-0.12635665557984455,4.305289029297317
-0.4039288312349494,4.831618121251028
0.07902649655500893,5.886489731325579
-0.3033082832215287,3.5898619871484776
0.14337529204464317,7.229799289321866
-1.225477368850375,2.3433001820599095
0.8820371377878538,3.795352021278883
-4.693538228223861,5.440616851155717
-1.9100579161216686,3.846093420082927
-0.4356334380326753,4.323849455624413
0.2060680891363671,3.259673170031266
-0.12772014310065938,3.5587706481073407
0.25597781750875503,5.04612472282219
-2.590245793475812,5.846169597497555
-1.9111378566938817,5.373698257077947
-0.37561156721772093,7.124912250551708
-1.3798921700321487,3.4061614465990644
-1.0330133300091455,3.484594369181732
0.35990123330148505,1.2522719656578007
-2.7912601125488017,2.1847350333153717
0.6155229063550787,6.908042733389273
-1.1775636715137014,3.713003070576982
-0.8809113227075916,5.975193114433924
-2.5765003281239762,4.405227270649135
0.6578359706301304,4.851860088897737
-0.6777112517821362,5.70177835736414
-5.595494898098703,5.152388043202543
-2.1119286613166204,0.8879240753440234
-0.13095558080753278,6.335219526777028
-1.2336624748670761,5.619886730244996
1.740873038580697,6.235354571092881
1.7879396999313677,5.2616167348222165
-0.8717628138672923,1.2766581197748135
-1.4183062298209126,2.5664807879624743
2.6906026197462833,3.7009941188650277
-0.7905518284663744,4.937525139268795
-0.9258758411668286,6.88158676873228
-2.0585039149485684,4.330832673903313
-2.2621999956866823,1.7559617309248003
-2.0400074545389852,3.9370374450176997
-1.729813781679342,2.8228843342144447
-3.3907396882421175,3.858720526531219
-3.558024635852704,5.292095138272325
-0.8598524200113444,1.5221624509096179
-1.5256554309847679,2.7213341104960085
-0.45740333228739327,6.278765758239346
-4.187793198397766,4.195544334550609
-1.2722257524632887,5.141278129965792
-0.6375657319959285,2.721652136044008
-1.5423916906332509,2.6467560434340687
0.829212135617617,4.036229802742302
2.2320241657801128,3.8968766165151445
-2.2042915037477866,1.426685532558194
-4.0653374496351065,1.3069688968906674
-0.5458846932804782,4.864832539490887
-3.6880241934546265,5.521565133929396
-1.821203787861847,4.249548120375434
1.740775068034221,5.524626836971404
-1.4565021014399149,2.4849732167940113
-4.658086182259819,2.7774393572878857
-1.3589214060070804,2.3217948038429874
-1.223136844056918,4.130648201029906
-1.3822551690737335,2.8949956126001184
-0.713287057656563,4.7512991042679955
-2.8536784316528383,6.398585045568659
-1.1675998248832449,4.032044359006241
0.20396451953614703,4.396467423147953
0.6203322776525166,4.488111080843101
-2.0411435368887445,4.614555992850373
-2.9443345524451248,4.184551499820089
-1.0564909840955834,3.6462013426366826
-1.2185137694461823,0.8008566226540137
-1.9328323431596344,4.157836331939895
-0.7282441336044194,2.252952260425871
1.1517033294699912,2.5275027580353484
0.6480772408954525,4.726230415181864
-2.098586426734465,7.0180285174361705
-3.029182613986016,5.562562095137002
0.7009899406730631,2.859945644569704
1.3671910101093587,3.57492092518178
-0.5092208302242431,4.442547125911076
-1.2283248604999313,5.37837406437163
0.34893082493876193,1.027495645495093
1.217378412892859,1.1737636203393538
0.7553285473808173,5.915398732606891
-2.854642931365837,3.301615710477206
-2.8796979364260906,3.63463424850915
-1.5236582831157601,5.325422904857877
1.227524868403334,6.372662478342925
-1.9556856451831135,3.644322814634303
-3.8618449267756154,2.630020886956479
0.6402477762656777,6.746490800031994
-3.0983930821958676,2.99281075944008
-1.0448897868301759,4.476273969993332
-2.3763259838667983,4.720903775588953
-1.8055268900205574,3.9754311395069255
-0.07131677839371076,4.010917858678594
-1.7418560138951666,3.8136633333260876
-1.15021703064907,3.370981249200383
-1.439953306534074,6.717700189858019
-0.046436938499894165,3.4976834593504273
4.627258964059662,5.699562459219591
5.055812173827977,6.332677972978285
3.903428070396194,6.40294523322925
2.5862114631383504,4.985909277981175
2.9254674942408503,6.128648785287336
5.559263499536582,8.008170131573369
4.5742459912966815,6.450760027450011
2.3790480392625346,5.5115935802393805
3.290994623282585,5.441237161573996
3.8486705632736893,5.575118480072585
2.218630170661791,6.6731192305057805
3.034531276834174,6.215322177700035
5.866674402774976,5.172553867572219
1.722741229528303,5.7425962003079
4.990863671498714,7.762512708798535
2.893405364992825,6.447029300912869
3.581220588897952,5.904646481126278
6.3799090123153315,4.647326704444362
4.228365695345116,6.42092385458889
4.977207692445412,6.088184838123806
4.277245485553692,5.647516289320388
4.242214247120597,5.691126952052331
4.5594147008704455,5.667350697560729
4.339390354511968,5.97366346768352
5.0134452256949515,5.953745648770362
2.4042707786138067,7.135729350642593
3.184840929223643,5.411610295216062
3.4639048353608572,7.236994283853735
2.077893207419174,8.823973680293994
4.950451128159447,6.200915022716243
3.9505953994453424,6.256998667371891
4.469010185541404,6.580694027355051
4.500044019403104,6.080622613129724
3.8223954217234066,5.8638540447118395
3.824582547682587,7.020393087180358
4.534201050052776,3.353650228802148
4.590310698876785,6.175262575246897
3.9831621191986923,5.650333392220003
5.011701447987412,6.852773815910572
3.3044100989587517,6.366347058412082
3.1255089389128425,4.758343651689962
3.4359544978690315,6.776154125144483
4.857812540838478,6.461776878087564
4.652586208163197,6.464560458403462
3.422666564299343,6.388730290206547
4.720368572704914,6.678862196832217
5.070022034327179,6.6374734624809575
4.316303386787425,6.963135214484785
3.976130866675846,5.206312813895054
3.8532397324506125,5.329587619674196
3.3923395525230564,5.869933196356034
3.286822071100035,5.7228346233248635
2.295746799741593,6.191964336635644
4.0010849278260014,5.264620232038628
4.593321101589165,6.843813123863903
2.5531961220679236,5.313547699290407
3.3077718851914315,5.1540872090020216
4.746527357738573,5.825556475104477
3.76193664282045,4.1965238720339215
4.571876227188303,4.884667444631875
4.053939367239695,6.249639244162372
5.224592736254786,4.822061640792799
1.282439059761257,6.165464590278326
5.6204600633597686,7.1150517176454935
4.188693473747163,5.557527432931157
4.726410336973579,5.123808420265978
4.428721992420598,6.454923143249964
4.954188916748992,8.483694035019969
4.3531743704608905,5.541932736863251
3.976983119027205,4.407831685599794
3.3747581820198476,5.631645805698207
3.5283204418588667,6.13711938483035
3.2598220608560196,7.008927600592024
4.000186358426378,5.991629710975247
3.704894755138374,6.139671615473081
4.742588438200872,5.21958280586019
3.407695159832269,5.726646574101002
2.7887161688741067,5.262667926250652
3.571401213809807,6.786950262641454
4.236305196101733,6.17423092023079
4.765808165951175,5.876365390440543
4.351418364936,5.907100422360753
4.238826114459665,5.475517208149576
1.8050645575512139,5.879148754032326
5.2804733224899465,6.833593862017433
4.868857736132053,7.112517649625596
4.079791831865293,6.177584136665036
3.444113294109085,5.715534429575655
4.554194034794027,7.083495993451935
3.8744983518871003,5.59482966163373
4.000475162970938,6.541086074036203
2.7005306654798122,3.9334371421764858
3.504516835457575,4.9013588166772575
3.54267382211742,5.866997713064276
3.592076431879288,7.307220781023671
4.2940702881420885,6.270426923649746
4.5599864296390615,4.9750501939973075
4.935200608678242,5.931812142118086
4.603432555517092,5.03532849026386
2.601617110585542,6.736100692222526
4.338768573487765,5.18815360107824
3.217303226852775,7.012891305973293
2.929529296419405,7.478405657930367
3.189441338816918,6.574552733047545
3.704243371825914,6.542868687974109
3.5102973980972267,5.853486384534936
4.036827257856149,5.098031289796674
4.666741910878113,5.538107790175573
3.794260076193983,5.105085562852339
1.6938997070842206,5.828075013659848
6.171353879451624,6.706143859108222
3.982665658239045,5.763398253712559
4.020219303530841,6.492407203657689
2.9372684662220396,7.002889525201985
4.64384318389712,6.646367153137141
4.394628164928754,6.017654991924591
4.605575112370138,6.53263272036724
3.6813633601530786,5.483758404392789
4.091670665735788,7.394118136345669
2.884803631911489,4.679227260822804
4.148284757112865,6.045798931670416
4.156007497933367,6.219557878117651
3.7991179708286755,7.340877094741874
2.559186419371136,5.254352677697779
3.9070707158658573,4.5211300699612496
3.841731036011136,7.495323149155216
4.018797839466366,6.207630815146815
2.8658517113446775,5.44527473276447
3.6623232577084566,5.71405641291939
5.153479415503392,6.501921954652612
2.999687838756671,6.221854300588804
4.448399573647107,7.02613413466914
5.422486617911536,5.086415227354919
3.2702282399106957,4.868179926976845
3.7893821268037167,6.419722537001701
4.888601064930191,5.93164407872173
3.7121372290706405,6.136582193023866
3.2483713885329792,7.880584849525296
2.553105075593747,6.166266521006152
5.8212455973066755,6.006119860103998
3.828964868498655,5.678299119470616
3.837647486413833,7.235563627208878
2.009324279803444,7.380090331166693
2.7184385627948693,5.760012903689026
3.6136800217312044,6.529697942793648
2.5616880833046274,6.415955399473749
5.821878660958167,4.77314339586647
4.170735550849356,5.4042160399830514
4.383298485573732,6.017232999674177
3.4226617818601213,6.439085056383966
5.623913298808069,5.8281865874454315
4.647782147933364,4.836054337915953
3.139207260863792,6.42516565009234
5.335704425682368,6.320052013907094
3.718247772529161,5.999362264881019
2.874633039427254,6.54406379371983
4.794099756091068,5.593118700450228
3.576962067016449,6.239290406686844
3.606952237563464,5.94048064683676
5.889749610249864,5.777676869328603
3.6774938631809,5.417212374928357
4.669772774349943,5.836898244103708
3.4155642655107163,7.189173629045711
5.2776427040622735,5.459618790835165
2.3201140437754453,6.90676232085323
3.3838331568159963,6.711563039246492
2.226906564059348,6.8033376044693785
2.909945263647297,6.657687707159872
4.012845761052791,5.14145452254302
3.6336673183658976,6.617686611261031
4.095305007803711,6.525971682425236
5.778796526063937,4.592182549460054
5.455491317471761,6.0939203437708915
3.1910943565091845,4.802717736834909
3.8297916483006698,6.829485100732013
3.885205791660219,7.360039437222612
2.6939418789535967,5.989119946938551
2.8728459000281927,6.327268694362471
4.798198651087571,5.621314385687052
1.656207529035579,6.179053332116845
4.393064696560159,6.363865279465528
5.112203972639938,5.036051688315856
4.612194494905404,7.073256761230177
2.399271174394135,6.2876866433270795
3.5462381520930957,5.926629594208519
4.312908835184503,5.561494292297803
3.3918627287545493,6.0307371757392225
3.0214786550234773,5.022757384003333
4.611435954660853,4.966085368357209
4.599681250818291,6.416332163568556
2.446773944088463,5.3901918128979105
5.074698462742635,5.116951021974287
3.582036163921551,6.415854803926707
4.705051458354336,5.7736150025599535
3.4622408247775227,7.280132875528657
5.565009697417821,6.8809722457036155
4.076786328308522,5.272560850523166
3.2526000340990913,6.470262694739182
4.376558398799816,7.2614387336517865
4.5854050832825255,4.647227728416164
4.946752855950627,5.101745435417028
3.6544258552428834,6.225180185626525
5.796100740805568,8.798926700404824
4.5460507532225645,5.8351230431516505
4.481055083632495,6.798889883286453
3.7113991369985273,7.61569022032109
4.207063683272262,6.447968780182255
4.599331826849015,6.37942794955301
4.755046450422651,5.444472132107769
3.4975284214485725,5.009861190325474
4.395551107558203,6.701042853160903
4.411995579536697,7.507043190012784
3.994963583053858,6.6018674900332615
3.017469211474617,5.651610267773039
4.6259839818092,6.7641918996688295
3.735429747102236,5.93556067332774
2.6339136279872717,5.678673719274052
4.801344847167807,6.51768451449591
4.4505991492430885,6.044796318462864
4.006356842765359,5.405710974473898
4.6289455781822815,6.378875649950451
4.442816963193519,5.5265686415991775
2.0619913721158802,6.987437440578326
3.5690462895924364,5.223501812361191
4.6241310207225945,5.6471886240727835
4.953942745641959,6.555305354619028
4.61521239088043,4.77063985991952
5.09074958684776,6.23512547811047
3.667650574678417,6.129049620608026
2.401388290391512,6.3677875303326035
3.0735656426361357,4.782596742740819
2.629876732403898,7.001419537490933
3.43366294567649,7.3803549389248495
3.517778683252932,4.463377838166348
2.9951280040462067,7.112230458006245
3.859691639856999,5.506541433158459
4.144016403267509,6.45160446255079
5.005658934312215,7.303649306903633
3.6762082187898226,4.806557082526165
3.6278813549890514,6.234252455924597
3.13261696641045,5.138564176594461
4.309409093394897,5.956212883586594
4.029517295870428,5.317354198769937
3.7926393572148096,5.168190170158526
4.801178570012308,6.931724401251377
2.3384309239857153,5.163440225826831
2.6531236704189287,5.414978459033792
3.924905827188675,4.695319302271323
3.170326168187218,5.096438365126652
4.186540596459049,6.062409903332625
3.350436201996472,6.159138784925458
3.507987923871461,5.755510400706552
5.506106881268684,7.206414946611313
2.830376886765162,6.746759176091257
4.730256899042433,4.966563040122644
4.736899879379375,7.384138726571297
2.9897096743800278,5.1742474610871625
4.915895320159152,6.2443457797430835
4.496328647715571,6.306530294760448
4.35162632883533,4.806175084520025
4.942585935959303,7.052630993184996
3.793548330338775,5.960870745167524
2.6220032476998503,6.462829280416051
4.5148516975427295,5.94402808470062
5.011918023883452,5.699330492118054
4.50814533330424,5.082302095177096
3.9788030642131855,5.843081167887448
4.202777129836847,5.667425764049978
3.881674663895499,6.743442454297355
3.606912186485604,4.554080609335188
5.574625513784879,7.243308670821438
2.836963574404943,6.620737024720675
3.5473227065037913,6.2371384937979535
4.264801716112144,5.78903297971531
3.294610900972243,5.378513052915366
3.175427276066882,5.2513600125926
3.93953953895558,5.355816009800323
4.613846859141358,7.3385215398023345
3.4779520827669614,6.215464050481839
4.449716599272641,6.424802043827347
4.068359741124478,6.668414176523751
4.434024057412591,4.886103819905432
4.782240457950346,6.798561753540068
3.3130425062392765,6.0341440519028415
4.614996093529962,5.811617562378575
4.965680242989411,8.127485245157425
3.292612570628516,4.757059857161602
4.273436736044388,6.649406254613529
3.7922202635397078,7.307934596988931
2.795254780249076,6.62362676072845
3.454725261316996,7.547440115586567
5.793263817851306,5.310009070994987
3.505398577682278,6.7736290982818215
3.651582415189437,5.959129903860986
4.022849578488169,4.27229415942211
3.9875460285151867,5.379245003342244
3.5561894598402053,7.299268803121933
2.8691437951486694,6.73188466807318
3.748933362701372,5.748215848353749
4.71133470644654,6.306046165112002
9.970042095273202,8.645913922905864
8.436775748588351,5.959197551336825
7.155244104851743,5.596802099035776
14.013460523024833,9.115955287252538
6.703173577446364,4.751821473535931
9.819172304921436,7.930350155542544
9.933102520039519,6.566575150958713
8.78672775799507,7.557395191070907
9.146018110698662,3.2271893663291906
8.60934062802217,5.552609061757467
9.29785941214447,12.074940304425798
9.624718831306318,6.4669995335069235
10.567062553361328,7.820569408255661
9.714160633768131,8.031646008466641
12.49612406021022,5.077489659945943
9.805174530579473,5.425152079031385
9.944371498781821,5.43823293047364
8.290476416871357,6.4983471457955595
10.658888422886005,8.561372554702103
6.882280460041146,7.093387988699742
7.793714246926406,4.860541651851932
8.63107101427857,6.475579259625107
13.125418026787388,7.736031703113183
6.658050248717797,6.0398841929093985
10.736351602229977,10.550352713878873
6.303828369195471,3.8041285452636235
12.18064079813203,7.662344101530537
7.523902355810177,7.90886944640814
4.519228843671308,7.005738361215173
9.557295993833245,8.57125923721431
7.276376881102686,7.14566817438571
7.426778135698702,7.434152384646339
7.477911251982859,6.306228573427625
7.307113828856611,8.106931611100217
10.45936689831633,6.601145031072397
9.065004591432048,4.537394595122975
8.490549698388461,6.914652151029034
13.455348254750957,5.109656056183922
11.489101305879144,8.694659914891874
9.477081887633231,9.989654823131726
9.632579303431667,7.661570632635478
8.909694889870172,9.080067100111666
10.863997697478503,5.936348611256439
6.757279769182095,6.654932916427383
7.6399344405240015,6.892008223153896
11.103644828963036,6.222587186352457
8.927200251770323,7.098638649174272
10.442332499748984,3.1802881322261713
7.968609498898996,7.359182276875104
11.040134225925664,6.163765839239451
5.809860399728814,8.053509458142432
7.91988393899643,4.977566679546386
7.938612837487519,6.686306891985056
7.971934070285038,3.2505377029315827
10.525012534708125,9.167287570173828
10.10758738527716,5.0659343602778115
8.657464392289219,6.988913764109921
10.017950462255246,8.136178830820738
7.7519045420765575,7.139392445903053
9.77737668784591,9.474897947649502
10.19766111770203,8.341396368538382
9.142505267479914,9.397780546845956
9.696596753131146,5.53615055270493
11.385728949212824,8.186435563316348
8.24682516408158,6.184861955421287
9.504178426739294,7.787414151954894
9.335396851573051,7.529224744852904
11.889927536779847,8.821623358799306
9.324080505150542,8.600227987304722
7.2447093640031826,7.676475984909575
12.075820794546287,6.629321977832965
7.559022321347555,5.891448889391797
7.14762383651794,5.665904756182904
8.37013623239695,4.610536067396309
9.026551167714326,8.5338711954373
7.456814493750235,9.582782670191007
9.868346550496911,8.751986995560898
7.881681258451367,8.452692886013246
7.143712369327968,8.513420751422064
9.292126877649004,7.940527073974132
7.001489170437752,5.478381268129772
10.015287971030753,5.387808392818859
9.78745069656851,4.675865729017582
10.441896161533336,4.904710364893535
9.93890989405519,8.063572587198202
7.815487908669723,7.989445164044036
9.442751847667045,6.083968844472345
7.285457037070446,3.663536324156616
9.59440508040948,4.339835288684506
9.162085139050223,6.552138032660176
10.154542718244933,6.486522650867231
8.439938763209945,8.244180197290103
9.569598649443,7.537465127210723
9.797754902674495,4.38952739054792
10.28654075597787,8.041196949823124
7.2716386814199545,6.585063194753857
8.933177611033027,6.771355466517054
9.56756194316651,9.43332352911301
10.839003437043809,4.769227371166609
10.057518983520282,9.259186643210196
9.657574485171644,8.854666722816145
12.4208597576913,8.740306228381868
9.42382461259094,8.77665040594408
9.246309316264716,7.040635173584424
8.402595799286654,9.657802710014584
7.608671267898598,9.605025131952797
9.849769010358632,4.6211795028367
9.625003798085416,3.4299549369922393
10.06336362861276,8.504893521081284
7.992994875391509,7.21003108312449
12.322067637375486,6.140230602754707
7.199857102003779,9.518827784186417
12.33639822390235,7.006282642141341
10.719487160194205,9.280509056402497
7.7377768046847475,6.174980079874624
11.09248667236305,9.864524273804467
9.956897462296403,5.504315599046508
12.378003889889051,6.09734947371966
8.430265772008532,7.581974318632357
11.642072715215116,8.45175916013878
9.705271350615249,7.78759050120078
9.073974936693892,7.948837174681461
4.699747867919685,6.495767319581343
9.410247289358528,5.043276057846838
9.656749640279653,6.6523989243235935
11.984308687136334,9.674133532865255
8.208130532499123,6.743575890336618
8.874289138465732,6.232178890528641
9.331542472847815,5.710920482891097
7.077953930606205,8.058609080630456
10.070200293177079,5.632663208578013
10.52210423229642,5.926317860418937
9.430380904664569,8.394584821441175
8.942858640003688,7.773059550639928
8.122069605391129,6.666006808172235
8.650038967503422,5.730816810881594
8.69948392270317,4.367348891931631
8.165038629858422,6.51571166127156
8.564494420757853,6.589454342019676
8.895000860237781,7.815050580746308
10.48667902602529,5.8953991143579465
6.954558545838454,5.228524499186725
8.171755033968624,6.401733759711934
7.691006687464323,4.796601670775179
8.22459459329388,7.308425254193751
10.01155009192046,6.052380809715854
8.297903702356162,5.424612874959571
8.94655341036288,5.557671321875615
9.97431728251004,3.964026963712011
8.388629556830814,7.511882476625962
9.312518677748258,11.578157228766845
9.594660041765444,5.293107185368583
8.837710779948576,3.980381233107032
8.862980426195506,5.583804703098711
10.556163468452276,6.06578153318759
8.80149794314808,5.919551669612514
11.956047298150663,6.45388729759955
12.115346973914644,8.384057995601053
9.819513436470157,7.626846350439783
9.669455406967627,3.722956615112463
8.525898229943714,8.436768551013346
8.91687478809402,4.611177260433923
8.910912434018302,9.896979377634334
11.119715916409023,6.894593184077746
10.617463770998746,6.376938065374312
6.103418302394578,5.428407820179758
11.656910906463937,6.534211760890183
8.58624723506247,6.490275066332703
12.237032202274111,9.764130156115508
12.771926396861828,6.729623142319912
9.502561630870062,4.4217076659846555
11.510788524401066,5.01477476284451
9.36851845839647,5.134585703024165
7.998926394544217,5.5766538672155095
7.96661205685111,6.083491404646736
8.067943048627368,8.416667650026522
7.1217332517937155,7.374920425923573
11.07053055891945,6.127566180327227
7.779537885729077,6.6081081371935735
11.005532854213207,7.329982972620708
8.096935699167082,7.822590307019667
7.12610334527808,8.158311167753011
9.694632423093005,6.476725599063897
7.5744041426397075,5.492642432118123
9.909189471788046,9.089266854231404
7.916576830051049,7.779257396037523
5.4520540683764835,6.006149857882761
8.947199814119466,5.453538191130883
7.407939162857687,5.864774754002894
9.496727638154834,6.681540668709163
5.195006903347547,3.3948097405203876
7.968329197642802,7.778067196291039
4.329241767367101,6.150458700542228
8.105378643920384,9.360174222954361
8.345462920088131,7.651081274059578
9.240137138148688,3.378036984327759
10.305952268273954,7.366174059275689
9.864056687446801,13.674604100941755
5.457008002852399,9.931984304593884
8.511339217019396,7.4884591374851155
